"source_id","title","publisher","source_class","url","accessed_date","supports","limitations"
"OSS-001","opendbc","comma.ai","primary_open_source","https://github.com/commaai/opendbc","2026-08-30","MIT-licensed DBC/parser/safety ecosystem and Tesla support materials","Repository evolves; exact files and commits must be pinned and reviewed"
"OSS-002","opendbc supported cars","comma.ai","primary_open_source_documentation","https://github.com/commaai/opendbc/blob/master/docs/CARS.md","2026-08-30","Lists Tesla Model 3 HW4 2024-25 support","Openpilot vehicle support does not establish signal availability at this project's chosen connector"
"OSS-003","opendbc Tesla Model 3 vehicle DBC","comma.ai contributors","primary_open_source_data","https://github.com/commaai/opendbc/blob/master/opendbc/dbc/tesla_model3_vehicle.dbc","2026-08-30","Candidate Tesla CAN message and signal definitions","Reverse-engineered; model generation, bus, firmware, and target-tap applicability require validation"
"OSS-004","model3dbc","Josh Wardell and contributors","primary_open_source_data","https://github.com/joshwardell/model3dbc","2026-08-30","MIT-licensed independent Model 3/Y DBC comparison set","README does not guarantee 2025 Highland coverage"
"OSS-005","can-utils","Linux-CAN contributors","primary_open_source","https://github.com/linux-can/can-utils","2026-08-30","SocketCAN capture, filtering, generation, and replay tooling","Per-file licensing includes GPL-2.0-only, BSD-3-Clause, and Linux-syscall-note; transmit tools require safeguards"
"OSS-006","cantools","cantools contributors","primary_open_source","https://github.com/cantools/cantools","2026-08-30","MIT-licensed DBC parsing, decoding, plotting, and code generation","Tool correctness does not validate source DBC correctness"
"OSS-007","SavvyCAN","Collin Kidder and contributors","primary_open_source","https://github.com/collin80/SavvyCAN","2026-08-30","MIT-licensed CAN visualization and offline reverse-engineering tooling","Includes transmit/replay functionality; should be isolated from a live vehicle during discovery"
"OSS-008","Vehicle Signal Specification","COVESA","open_standard_primary_source","https://github.com/COVESA/vehicle_signal_specification","2026-08-30","MPL-2.0 protocol-neutral vehicle signal naming and metadata","Not a Tesla transport decoder; file-level MPL obligations apply to modifications"
"OSS-009","panda","comma.ai","primary_open_source","https://github.com/commaai/panda","2026-08-30","MIT-licensed CAN/CAN-FD firmware and safety/testing patterns","Not a display bridge; board/harness fit and exact per-file terms must be reviewed"
"OSS-010","candleLight firmware","candle-usb contributors","primary_open_source","https://github.com/candle-usb/candleLight_fw","2026-08-30","gs_usb-compatible USB-CAN firmware and supported-board patterns","MIT core includes separately licensed STM32 components; board capabilities and silent mode require verification"
"OSS-011","TinyUSB","Ha Thach and contributors","primary_open_source","https://github.com/hathach/tinyusb","2026-08-30","MIT-licensed embedded USB HID, CDC, DFU, host/device stack","Does not identify or implement Tesla-native touch; product USB identifiers require proper allocation"
"OSS-012","Zephyr RTOS","Zephyr Project / Linux Foundation","primary_open_source","https://github.com/zephyrproject-rtos/zephyr","2026-08-30","Apache-2.0 RTOS with CAN, USB HID, watchdog, settings, and testing support","Component licenses vary; board timing and safety properties require project-specific verification"
"OSS-013","mgb4 Linux driver documentation","Linux kernel / Digiteq Automotive","primary_open_source_documentation","https://cdn.kernel.org/doc/html/latest/admin-guide/media/mgb4.html","2026-08-30","V4L2 capture/generation support for specified FPD-Link III and GMSL lab modules","Does not identify the Highland link; depends on specialized external hardware"
"OSS-014","AOSP FAQ","Google Android Open Source Project","official_open_source_documentation","https://source.android.com/docs/setup/about/faqs","2026-08-30","AOSP openness and predominantly Apache-2.0 licensing; compatibility context","Android contains components under other licenses"
"OSS-015","AAOS Vehicle HAL overview","Google Android Open Source Project","official_open_source_documentation","https://source.android.com/docs/automotive/vhal","2026-08-30","Property-based vehicle abstraction architecture and current AIDL direction","Designed for an Android automotive platform; does not provide Tesla transport implementation"
"OSS-016","AAOS power overview","Google Android Open Source Project","official_open_source_documentation","https://source.android.com/docs/automotive/power","2026-08-30","Vehicle-MCU/application-processor split and automotive sleep/wake design concerns","Reference architecture, not proof of target implementation details or a safety certification"
"OSS-017","Android compatibility FAQ","Google Android Open Source Project","official_open_source_documentation","https://source.android.com/docs/compatibility/compatibility-faq","2026-08-30","Google Play access is separate and not automatic for AOSP-derived devices","Licensing process and requirements can change"
"TES-001","Model 3 Electrical Reference index","Tesla","official_vehicle_documentation","https://service.tesla.com/docs/Model3/ElectricalReference/","2026-08-30","Plant and production-date ranges for Model 3 electrical-reference programs","Live documentation can be revised; archive source hashes with each supported manifest"
"TES-002","SOP8 special cables LHD schematic","Tesla","official_vehicle_documentation","https://service.tesla.com/docs/Model3/ElectricalReference/prog-233/interactive/pdf/rf_special_cables_lhd_print.pdf","2026-08-30","Program 233 X860-X861 display data/power and X176-X189 AUX I2C touch topology","Net names do not specify the main-link electrical standard or complete power envelope"
"TES-003","SOP9 special cables LHD schematic","Tesla","official_vehicle_documentation","https://service.tesla.com/docs/Model3/ElectricalReference/prog-333/interactive/pdf/rf_special_cables_lhd_print.pdf","2026-08-30","Program 333 dual-path display topology and pin mapping","LHD drawing; exact market and physical target still require verification"
"TES-004","SOP8 connector X176","Tesla","official_vehicle_documentation","https://service.tesla.com/docs/Model3/ElectricalReference/prog-233/connector/x176/","2026-08-30","MCU-side Hirose part and eight sideband cavities","Physical orientation and production part must be verified"
"TES-005","SOP8 connector X189","Tesla","official_vehicle_documentation","https://service.tesla.com/docs/Model3/ElectricalReference/prog-233/connector/x189/","2026-08-30","Display-side Hirose part terminals and eight sideband cavities","A plausible board mate is not verified by this page"
"TES-006","SOP8 connector X860","Tesla","official_vehicle_documentation","https://service.tesla.com/docs/Model3/ElectricalReference/prog-233/connector/x860/","2026-08-30","LHD MCU-side harness connector part and display-data/power cavities","Does not identify transport or a verified counter-mating interposer/device part"
"TES-007","SOP8 connector X861","Tesla","official_vehicle_documentation","https://service.tesla.com/docs/Model3/ElectricalReference/prog-233/connector/x861/","2026-08-30","Display-end harness connector part and display-data/power cavities","Does not identify transport or a verified counter-mating interposer/device part"
"TES-008","Model 3 VIN decoding guide","Tesla","official_vehicle_documentation","https://service.tesla.com/docs/Model3/ServiceManual/2024/en-us/GUID-B7B9507C-C984-41F2-89EE-D23CA4E682ED.html","2026-08-30","WMI model-year and plant-code interpretation","Full VIN is private and must not be committed"
"TES-009","2024+ Model 3 center display service procedure","Tesla","official_vehicle_documentation","https://service.tesla.com/docs/Model3/ServiceManual/2024/en-us/GUID-429DDA16-EED3-44D0-8E30-2314DE5A9817.html","2026-08-30","Physical display service context and two harness connections","Service work carries safety and warranty risks; not an electrical protocol specification"
"TES-010","2024+ Model 3 Electrical Precautions","Tesla","official_vehicle_documentation","https://service.tesla.com/docs/Model3/ServiceManual/2024/en-us/GUID-EEC21776-1522-407E-8314-BF40E3E3E17E.html","2026-08-30","Highland service context uses a 16 V-class low-voltage system","Does not alone define accessory transients or the separately named display rail envelope"
"TES-011","Third-party accessory low-voltage circuit bulletin R2","Tesla","official_vehicle_documentation","https://service.tesla.com/docs/ServiceBulletins/External/CD/CD-23-17-001_LV_Power_Circuit_for_Third-Party_Accessories_2024_M3_2025_MY_R2.pdf","2026-08-30","Recommended temporary accessory source and nominal voltage up to 16 V","Permanent integration and project load still require independent engineering and exact revision review"
"TES-012","SOP8 connector X181","Tesla","official_vehicle_documentation","https://service.tesla.com/docs/Model3/ElectricalReference/prog-233/connector/x181/","2026-08-30","Program 233 publishes an X181 connector reference and Tesla part number","Does not by itself establish market availability bus bitrate or safe signal definitions"
"TES-013","DS90UB948-Q1 datasheet","Texas Instruments","official_component_documentation","https://www.ti.com/lit/ds/symlink/ds90ub948-q1.pdf","2026-08-30","FPD-Link III behavior for the receiver identified in an older Model 3 display teardown","Not proof of the 2025 Highland transport"
"TES-014","2017-2019 Model 3 display teardown","TechInsights via Electronics360","independent_teardown","https://electronics360.globalspec.com/article/14039/teardown-tesla-model-3-center-touchscreen-display-2017-19-model","2026-08-30","Older display resolution and DS90UB948-Q1/touch-controller identification","Older generation; cannot be ported to Highland without revalidation"
"LEGAL-001","37 CFR 201.40 exemptions to prohibition on circumvention","US Copyright Office","official_legal_source","https://www.copyright.gov/title37/201/37cfr201-40.html","2026-08-30","Current text of vehicle diagnosis repair lawful-modification and operational-data exemptions","Conditional exemption with no safe harbor from other law; not legal advice"
"LEGAL-002","17 USC 1201(f) reverse engineering","US House Office of the Law Revision Counsel via Cornell LII","official_statutory_text","https://www.law.cornell.edu/uscode/text/17/1201","2026-08-30","Statutory interoperability provision and conditions","Application is fact-specific; not legal advice"
"SAFE-001","NHTSA visual-manual driver-distraction guidelines","NHTSA","official_safety_guidance","https://www.nhtsa.gov/document/visual-manual-nhtsa-driver-distraction-guidelines-vehicle-electronic-devices","2026-08-30","Primary US guidance for in-vehicle visual/manual interfaces","Guidance does not certify this project or replace applicable law"
"SAFE-002","Rearview-display loss service bulletin","Tesla","official_vehicle_safety_documentation","https://service.tesla.com/docs/ServiceBulletins/External/SB/SB-25-00-001_Update_Vehicle_Software_Or_Replace_Car_Computer_To_Correct_Loss_Of_Rearview_Display_R2.pdf","2026-08-30","Documents safety consequence and FMVSS 111 relevance of losing rearview image","Different fault origin; used only to establish consequence severity"
"TES-015","SOP9 connector X181","Tesla","official_vehicle_documentation","https://service.tesla.com/docs/Model3/ElectricalReference/prog-333/connector/x181/","2026-08-30","Program 333 publishes a changed X181 Tesla part number with similar named roles","Connector revision reinforces separate SOP profiles; bitrate and exact target availability remain unverified"
"TES-016","SOP8 special cables RHD schematic","Tesla","official_vehicle_documentation","https://service.tesla.com/docs/Model3/ElectricalReference/prog-233/interactive/pdf/rf_special_cables_rhd_print.pdf","2026-08-30","Program 233 RHD uses MCU-side X860A/X176A with display-side X861/X189","Exact market and physical target still require verification"
"TES-017","SOP9 special cables RHD schematic","Tesla","official_vehicle_documentation","https://service.tesla.com/docs/Model3/ElectricalReference/prog-333/interactive/pdf/rf_special_cables_rhd_print.pdf","2026-08-30","Program 333 RHD dual-path mapping and designators","RHD evidence must remain separate from the current LHD candidate interfaces"
