category,item,quantity,low_usd,high_usd,status,basis
video,custom receiver selector transmitter PCB assembly,1,140,350,target,"after bench link and fail-native topology are verified"
safety,independent supervisor and watchdog assembly,1,20,70,target,"separate authority from application compute"
touch,sideband and USB HID bridge assembly,1,20,80,target,"only after measured protocol confirmation"
vehicle,physically listen-only CAN interface,1,15,60,target,"no transmit path populated or routed"
power,automotive-input protection and sleep controller,1,35,110,target,"qualification and load-dump design remain open"
compute,external SBC or Android compute,1,60,220,target,"GMS DRM and projection certification not assumed"
harness,revision-specific keyed reversible harness,1,60,200,target,"highest uncertainty; never universalize by model year"
mechanical,enclosure thermal and mounting components,1,35,120,target,"bench/prototype materials only"
total,integrated prototype target excluding engineering instruments,1,385,1210,planning-range,"volume target requires a validated design and supplier quotes"
